#,Question,Actual Query,involved_tables,executed,record_count,expected_answer,primary_keys
1,List all departments.,SELECT * FROM HumanResources.Department;,HumanResources.Department,success,16,,"[1, 2, 3, 4, 5, 6, 7, 8, 9, 10]"
2,Retrieve the names and group names of all departments.,"SELECT Name, GroupName FROM HumanResources.Department;",HumanResources.Department,success,16,,
3,Show the first 10 rows of the person table.,SELECT TOP 10 * FROM Person.Person;,Person.Person,success,10,,"[[1, ""92C4279F-1207-48A3-8448-4636514EB7E2""], [2, ""D8763459-8AA8-47CC-AFF7-C9079AF79033""], [3, ""E1A2555E-0828-434B-A33B-6F38136A37DE""], [4, ""F2D7CE06-38B3-4357-805B-F4B6B71C01FF""], [5, ""F3A3F6B4-AE3B-430C-A754-9F2231BA6FEF""], [6, ""0DEA28FD-EFFE-482A-AFD3-B7E8F199D56F""], [7, ""C45E8AB8-01BE-4B76-B215-820C8368181A""], [8, ""A948E590-4A56-45A9-BC9A-160A1CC9D990""], [9, ""5FC28C0E-6D36-4252-9846-05CAA0B1F6C5""], [10, ""CA2C740E-75B2-420C-9D4B-E3CBC6609604""]]"
4,List all unique employee job titles.,SELECT DISTINCT JobTitle FROM HumanResources.Employee;,HumanResources.Employee,success,67,,
5,Find all employees who are currently active.,SELECT * FROM HumanResources.Employee WHERE CurrentFlag = 1;,HumanResources.Employee,"failed: ('ODBC SQL type -151 is not yet supported.  column-index=3  type=-151', 'HY106')",,,
6,Retrieve names of all products.,SELECT Name FROM Production.Product;,Production.Product,success,504,,
7,"List all products with a list price greater than $1,000.",SELECT * FROM Production.Product WHERE ListPrice > 1000;,Production.Product,success,86,,"[[680, 14, 6, ""43DD68D6-14A4-461F-9069-55309D90EA7E""], [706, 14, 6, ""9540FF17-2712-4C90-A3D1-8CE5568B2462""], [717, 14, 6, ""052E4F8B-0A2A-46B2-9F42-10FEBCFAE416""], [718, 14, 6, ""A88D3B54-2CAE-43F2-8C6E-EA1D97B46A7C""], [719, 14, 6, ""07BEFC9A-7634-402B-B234-D7797733BAAF""], [720, 14, 6, ""FCFEA68F-310E-4E6E-9F99-BB17D011EBAE""], [721, 14, 6, ""56C85873-4993-41B4-8096-1067CFD7E4BD""], [739, 12, 5, ""8AE32663-8D6F-457D-8343-5B181FEC43A7""], [740, 12, 5, ""1909C60C-C490-411D-B3E6-12DDD7832482""], [741, 12, 5, ""B181EC1F-CA20-4724-B2EB-15F3E455142E""]]"
8,Show the first name and last name of all individuals.,"SELECT FirstName, LastName FROM Person.Person;",Person.Person,success,1000,,
9,Find products that have a color of black.,SELECT * FROM Production.Product WHERE Color = 'Black';,Production.Product,success,93,,"[[317, null, null, ""3C9D10B7-A6B2-4774-9963-C19DCEE72FEA""], [318, null, null, ""EABB9A92-FA07-4EAB-8955-F0517B4A4CA7""], [319, null, null, ""7D3FD384-4F29-484B-86FA-4206E276FE58""], [322, null, null, ""F0AC2C4D-1A1F-4E3C-B4D9-68AEA0EC1CE4""], [680, 14, 6, ""43DD68D6-14A4-461F-9069-55309D90EA7E""], [708, 31, 33, ""A25A44FB-C2DE-4268-958F-110B8D7621E2""], [722, 14, 9, ""2140F256-F705-4D67-975D-32DE03265838""], [723, 14, 9, ""AA95E2A5-E7C4-4B74-B1EA-B52EE3B51537""], [724, 14, 9, ""5247BE33-50BF-4527-8A30-A39AAE500A8E""], [736, 14, 9, ""C9967889-F490-4A66-943A-BCE432E938D8""]]"
10,List all shifts available.,SELECT * FROM HumanResources.Shift;,HumanResources.Shift,success,3,,"[1, 2, 3]"
11,Get the total number of employees in the company.,SELECT COUNT(*) FROM HumanResources.Employee;,HumanResources.Employee,success,,290,
12,Find employees who were hired in the year 2009.,SELECT * FROM HumanResources.Employee WHERE YEAR(HireDate) = 2009;,HumanResources.Employee,"failed: ('ODBC SQL type -151 is not yet supported.  column-index=3  type=-151', 'HY106')",,,
13,Retrieve all addresses in the seattle city.,SELECT * FROM Person.Address WHERE City = 'Seattle';,Person.Address,"failed: ('ODBC SQL type -151 is not yet supported.  column-index=6  type=-151', 'HY106')",,,
14,List all products and sort them by name in ascending order.,SELECT Name FROM Production.Product ORDER BY Name ASC;,Production.Product,success,504,,
15,Find all employees with more than 50 vacation hours.,SELECT * FROM HumanResources.Employee WHERE VacationHours > 50;,HumanResources.Employee,"failed: ('ODBC SQL type -151 is not yet supported.  column-index=3  type=-151', 'HY106')",,,
16,Retrieve the names of all vendors.,SELECT Name FROM Purchasing.Vendor;,Purchasing.Vendor,success,104,,
17,List products that do not have a color assigned.,SELECT * FROM Production.Product WHERE Color IS NULL;,Production.Product,success,248,,"[[1, null, null, ""694215B7-08F7-4C0D-ACB1-D734BA44C0C8""], [2, null, null, ""58AE3C20-4F3A-4749-A7D4-D568806CC537""], [3, null, null, ""9C21AED2-5BFA-4F18-BCB8-F11638DC2E4E""], [4, null, null, ""ECFED6CB-51FF-49B5-B06C-7D8AC834DB8B""], [316, null, null, ""E73E9750-603B-4131-89F5-3DD15ED5FF80""], [323, null, null, ""51A32CA6-65A1-4C31-AF2B-D9E4F5D631D4""], [324, null, null, ""FE0678ED-AEF2-4C58-A450-8151CC24DDD8""], [325, null, null, ""05CE123C-A402-478E-AE9B-75D7727AEAAD""], [326, null, null, ""A56851F9-1CD7-4E2F-8779-2E773E1B5209""], [327, null, null, ""1DAD47DD-E259-42B8-B8B4-15A0B7D21B2F""]]"
18,Find the highest list price among all products.,SELECT MAX(ListPrice) FROM Production.Product;,Production.Product,success,,3578.2700,
19,Find the lowest standard cost among all products.,SELECT MIN(StandardCost) FROM Production.Product;,Production.Product,success,,0.0000,
20,Calculate the average list price of all products.,SELECT AVG(ListPrice) FROM Production.Product;,Production.Product,success,,438.6662,
21,"List all orders with a total due greater than $5,000.",SELECT * FROM Sales.SalesOrderHeader WHERE TotalDue > 5000;,Sales.SalesOrderHeader,success,1000,,"[[43659, 29825, 279, 5, 985, 985, 5, 16281, null, ""79B65321-39CA-4115-9CBA-8FE0903E12E6""], [43661, 29734, 282, 6, 517, 517, 5, 1346, 4, ""D91B9131-18A4-4A11-BC3A-90B6F53E9D74""], [43662, 29994, 282, 6, 482, 482, 5, 10456, 4, ""4A1ECFC0-CC3A-4740-B028-1C50BB48711C""], [43664, 29898, 280, 1, 876, 876, 5, 806, null, ""22A8A5DA-8C22-42AD-9241-839489B6EF0D""], [43665, 29580, 283, 1, 849, 849, 5, 15232, null, ""5602C304-853C-43D7-9E79-76E320D476CF""], [43666, 30052, 276, 4, 1074, 1074, 5, 13349, null, ""E2A90057-1366-4487-8A7E-8085845FF770""], [43667, 29974, 277, 3, 629, 629, 5, 10370, null, ""86D5237D-432D-4B21-8ABC-671942F5789D""], [43668, 29614, 282, 6, 529, 529, 5, 1566, 4, ""281CC355-D538-494E-9B44-461B36A826C6""], [43670, 29566, 275, 3, 810, 810, 5, 18017, null, ""573E52A7-573F-40B6-B695-6F3D242E0C6D""], [43671, 29890, 283, 1, 855, 855, 5, 13693, null, ""005FDA9D-62E1-4001-A4AC-A976A7905F94""]]"
22,Retrieve all people whose last name starts with S.,SELECT * FROM Person.Person WHERE LastName LIKE 'S%';,Person.Person,success,1000,,"[[1, ""92C4279F-1207-48A3-8448-4636514EB7E2""], [14, ""9A7501DE-5CAF-4700-AB07-CC81102BB696""], [15, ""BEBA63CB-13F1-4B76-A3DE-FE9AC283A94C""], [30, ""5090C9A8-E39E-4A4D-9133-14E7CF07998B""], [31, ""5EA8A3DA-7BEA-4ADC-85F5-C934E2033825""], [33, ""BFA2BDC8-208A-447B-8A4E-72A215E9E134""], [56, ""77F4AC33-E165-49D7-BC6A-F3C2DC069C9B""], [72, ""7455FEFF-9238-4C29-819F-A4DF6508C0F8""], [88, ""C214AB1E-A07E-4A62-9033-19DDE0DE1937""], [95, ""A45F89BB-9748-41F8-9FAA-A5D76DF4B029""]]"
23,Find all departments in the manufacturing group.,SELECT * FROM HumanResources.Department WHERE GroupName = 'Manufacturing';,HumanResources.Department,success,2,,"[7, 8]"
24,Show the login id for all male employees.,SELECT LoginID FROM HumanResources.Employee WHERE Gender = 'M';,HumanResources.Employee,success,206,,"[""adventure-works\\alan0"", ""adventure-works\\alejandro0"", ""adventure-works\\alex0"", ""adventure-works\\andreas0"", ""adventure-works\\andrew0"", ""adventure-works\\andrew1"", ""adventure-works\\andy0"", ""adventure-works\\annik0"", ""adventure-works\\arvind0"", ""adventure-works\\ascott0""]"
25,List all products that are currently being manufactured.,SELECT * FROM Production.Product WHERE MakeFlag = 1;,Production.Product,success,239,,"[[3, null, null, ""9C21AED2-5BFA-4F18-BCB8-F11638DC2E4E""], [316, null, null, ""E73E9750-603B-4131-89F5-3DD15ED5FF80""], [324, null, null, ""FE0678ED-AEF2-4C58-A450-8151CC24DDD8""], [327, null, null, ""1DAD47DD-E259-42B8-B8B4-15A0B7D21B2F""], [328, null, null, ""6070B1EA-59B7-4F8B-950F-2BE07D00449D""], [329, null, null, ""88399D13-719E-4545-81D6-F0650F372FA2""], [330, null, null, ""6903CE24-D0CE-4191-9198-4231DE37A929""], [331, null, null, ""C91D602E-DA52-43D2-BD7E-EB110A9392B9""], [350, null, null, ""1CBFA85B-5C9B-4B58-9C17-95238215D926""], [398, null, null, ""9F88C58E-5CFA-46C9-8994-DA4F3FFE92ED""]]"
26,Get the total quantity of items in all shopping carts.,SELECT SUM(Quantity) FROM Sales.ShoppingCartItem;,Sales.ShoppingCartItem,success,,14,
27,Find all addresses with a postal code of 98052.,SELECT * FROM Person.Address WHERE PostalCode = '98052';,Person.Address,"failed: ('ODBC SQL type -151 is not yet supported.  column-index=6  type=-151', 'HY106')",,,
28,Retrieve the name and product number of products with no weight.,"SELECT Name, ProductNumber FROM Production.Product WHERE Weight IS NULL;",Production.Product,success,299,,
29,List all sales reason names.,SELECT Name FROM Sales.SalesReason;,Sales.SalesReason,success,10,,
30,Find employees who are married.,SELECT * FROM HumanResources.Employee WHERE MaritalStatus = 'M';,HumanResources.Employee,"failed: ('ODBC SQL type -151 is not yet supported.  column-index=3  type=-151', 'HY106')",,,
31,"Retrieve the email addresses for a specific business entity id (e.g., ID 1).",SELECT EmailAddress FROM Person.EmailAddress WHERE BusinessEntityID = 1;,Person.EmailAddress,success,1,,
32,List all products that have mountain in their name.,SELECT * FROM Production.Product WHERE Name LIKE '%Mountain%';,Production.Product,success,94,,"[[328, null, null, ""6070B1EA-59B7-4F8B-950F-2BE07D00449D""], [507, null, null, ""B2CC7DFB-783D-4587-88C0-2712A538A5B2""], [508, null, null, ""733FD04D-322F-44F5-BEEC-F326189D1CE6""], [509, null, null, ""9FA4A3B5-D396-48D4-ADFC-B573BC4A800A""], [514, null, null, ""FCFC0A4F-4563-4E0B-BFF4-5DDCFE3A9273""], [515, null, null, ""D3C8AE4C-A1BE-448D-BF58-6ECBF36AFA0B""], [516, null, null, ""9E18ADAB-B9C7-45B1-BD95-1805EC4F297D""], [709, 23, 18, ""18F95F47-1540-4E02-8F1F-CC1BCB6828D0""], [710, 23, 18, ""161C035E-21B3-4E14-8E44-AF508F35D80A""], [739, 12, 5, ""8AE32663-8D6F-457D-8343-5B181FEC43A7""]]"
33,Count how many products are red.,SELECT COUNT(*) FROM Production.Product WHERE Color = 'Red';,Production.Product,success,,38,
34,Find the total sub total for all sales orders.,SELECT SUM(SubTotal) FROM Sales.SalesOrderHeader;,Sales.SalesOrderHeader,success,,109846381.4039,
35,List all states/provinces in the US country.,SELECT * FROM Person.StateProvince WHERE CountryRegionCode = 'US';,Person.StateProvince,success,53,,"[[2, 1, ""5B7B8462-A888-4E0B-A3E1-7278F8AF107E""], [3, 5, ""41B328BE-21AE-45D0-841D-6F8DD71CE626""], [4, 3, ""54656A80-06F2-4C70-BA10-247179FC246E""], [6, 4, ""FB8BE18E-F441-44F0-A4A9-1D0F204CB701""], [9, 4, ""3B2FF23C-1C75-40AE-9093-F4EB42263F4E""], [10, 3, ""292DF595-7D3C-41FB-A040-7C184D379FCE""], [11, 2, ""1E7BB47A-E16B-4968-86FA-45AF0211FA84""], [12, 2, ""A1F3C57E-85B3-41E3-88E8-07244CF087DD""], [13, 2, ""7A11AB1D-77C0-4021-9140-8E81F105618E""], [15, 5, ""EE8BA90D-B2C3-418E-93DF-20E33F095959""]]"
36,Retrieve names of all product categories.,SELECT Name FROM Production.ProductCategory;,Production.ProductCategory,success,4,,
37,Retrieve names of all product subcategories.,SELECT Name FROM Production.ProductSubcategory;,Production.ProductSubcategory,success,37,,
38,"List all employees and their hire dates, sorted by newest hire.","SELECT BusinessEntityID, HireDate FROM HumanResources.Employee ORDER BY HireDate DESC;",HumanResources.Employee,success,290,,"[1, 2, 3, 4, 5, 6, 7, 8, 9, 10]"
39,Find products with a list price between $100 and $500.,SELECT * FROM Production.Product WHERE ListPrice BETWEEN 100 AND 500;,Production.Product,success,78,,"[[514, null, null, ""FCFC0A4F-4563-4E0B-BFF4-5DDCFE3A9273""], [515, null, null, ""D3C8AE4C-A1BE-448D-BF58-6ECBF36AFA0B""], [516, null, null, ""9E18ADAB-B9C7-45B1-BD95-1805EC4F297D""], [517, null, null, ""F5A30B8D-F35B-43F2-83A0-F7F6B51F6241""], [518, null, null, ""AD109395-FDA9-4C2A-96F1-515CCDE3D9F4""], [519, null, null, ""7B52EE2A-7100-4A39-A0AF-C89012DA6EF8""], [520, null, null, ""AF3D83BA-4B8E-4072-817F-E6B095A1C879""], [521, null, null, ""85B9A3DE-000C-4351-9494-05796689C216""], [522, null, null, ""8C471BCA-A735-4087-AD50-90EDE0AC1A1B""], [722, 14, 9, ""2140F256-F705-4D67-975D-32DE03265838""]]"
40,Show the top 5 most expensive products.,"SELECT TOP 5 Name, ListPrice FROM Production.Product ORDER BY ListPrice DESC;",Production.Product,success,5,,
41,List all currency codes and names.,"SELECT CurrencyCode, Name FROM Sales.Currency;",Sales.Currency,success,105,,"[""AED"", ""AFA"", ""ALL"", ""AMD"", ""ANG"", ""AOA"", ""ARS"", ""ATS"", ""AUD"", ""AWG""]"
42,Find the total number of female employees.,SELECT COUNT(*) FROM HumanResources.Employee WHERE Gender = 'F';,HumanResources.Employee,success,,84,
43,Retrieve the rate for employee pay history records.,SELECT Rate FROM HumanResources.EmployeePayHistory;,HumanResources.EmployeePayHistory,success,316,,
44,List all unique cities of people.,SELECT DISTINCT City FROM Person.Address;,Person.Address,success,575,,
45,Find all products with a safety stock level of exactly 1000.,SELECT * FROM Production.Product WHERE SafetyStockLevel = 1000;,Production.Product,success,156,,"[[1, null, null, ""694215B7-08F7-4C0D-ACB1-D734BA44C0C8""], [2, null, null, ""58AE3C20-4F3A-4749-A7D4-D568806CC537""], [320, null, null, ""7BE38E48-B7D6-4486-888E-F53C26735101""], [321, null, null, ""3314B1D7-EF69-4431-B6DD-DC75268BD5DF""], [322, null, null, ""F0AC2C4D-1A1F-4E3C-B4D9-68AEA0EC1CE4""], [323, null, null, ""51A32CA6-65A1-4C31-AF2B-D9E4F5D631D4""], [324, null, null, ""FE0678ED-AEF2-4C58-A450-8151CC24DDD8""], [325, null, null, ""05CE123C-A402-478E-AE9B-75D7727AEAAD""], [326, null, null, ""A56851F9-1CD7-4E2F-8779-2E773E1B5209""], [328, null, null, ""6070B1EA-59B7-4F8B-950F-2BE07D00449D""]]"
46,Show the account numbers for all customers.,SELECT AccountNumber FROM Sales.Customer;,Sales.Customer,success,1000,,
47,List all products that are Finished Goods.,SELECT * FROM Production.Product WHERE FinishedGoodsFlag = 1;,Production.Product,success,295,,"[[680, 14, 6, ""43DD68D6-14A4-461F-9069-55309D90EA7E""], [706, 14, 6, ""9540FF17-2712-4C90-A3D1-8CE5568B2462""], [707, 31, 33, ""2E1EF41A-C08A-4FF6-8ADA-BDE58B64A712""], [708, 31, 33, ""A25A44FB-C2DE-4268-958F-110B8D7621E2""], [709, 23, 18, ""18F95F47-1540-4E02-8F1F-CC1BCB6828D0""], [710, 23, 18, ""161C035E-21B3-4E14-8E44-AF508F35D80A""], [711, 31, 33, ""FD7C0858-4179-48C2-865B-ABD5DFC7BC1D""], [712, 19, 2, ""B9EDE243-A6F4-4629-B1D4-FFE1AEDC6DE7""], [713, 21, 11, ""FD449C82-A259-4FAE-8584-6CA0255FAF68""], [714, 21, 11, ""6A290063-A0CF-432A-8110-2EA0FDA14308""]]"
48,Retrieve the start time and end time of all shifts.,"SELECT Name, StartTime, EndTime FROM HumanResources.Shift;",HumanResources.Shift,success,3,,
49,Find all persons with a Ms. title.,SELECT * FROM Person.Person WHERE Title = 'Ms.';,Person.Person,success,415,,"[[5, ""F3A3F6B4-AE3B-430C-A754-9F2231BA6FEF""], [13, ""34EB99E0-7042-4DC1-A2FD-BDA290FF0E07""], [24, ""3F605060-96AD-4201-9BE2-BFE7A3C4E468""], [293, ""D54E0552-C226-4C22-AF3B-762CA854CDD3""], [295, ""F7CBDB48-0B44-470E-9F37-7060446FBFB9""], [301, ""66980082-C186-40AE-972A-74560E78C1AF""], [303, ""691818E1-FC19-445F-B161-E401867368E3""], [305, ""5F183B92-1648-4948-8937-47C9C10F0583""], [319, ""1EE0110F-77AE-4B1B-A05B-B03E0509BE95""], [321, ""B6D14D10-265F-4D72-ACE8-C1A42F62C82E""]]"
50,Get the average vacation hours of all employees.,SELECT AVG(VacationHours) FROM HumanResources.Employee;,HumanResources.Employee,success,,50,
51,"List products and their colors where color is either black, red or white.","SELECT Name, Color FROM Production.Product WHERE Color IN ('Black', 'Red', 'White');",Production.Product,success,135,,
52,Retrieve the names of all illustrations.,SELECT IllustrationID FROM Production.Illustration;,Production.Illustration,success,5,,"[3, 4, 5, 6, 7]"
53,Find all sales orders placed in july 2011.,SELECT * FROM Sales.SalesOrderHeader WHERE OrderDate >= '2011-07-01' AND OrderDate <= '2011-07-31';,Sales.SalesOrderHeader,success,231,,"[[43843, 29955, 275, 3, 756, 756, 5, 13712, null, ""4C035FE0-E928-4932-97D8-BE338EE54058""], [43844, 29620, 282, 6, 503, 503, 5, 5577, 407, ""B90DB933-2D63-4B51-9B14-599DD8DE2466""], [43845, 29888, 279, 5, 930, 930, 5, 2364, null, ""6D308EFC-D13C-4E95-9653-98B9BA7C6F8B""], [43846, 29548, 278, 6, 498, 498, 5, 5528, 407, ""ECE0D5A4-8384-43D3-AF7B-92ED5C1ED760""], [43847, 29539, 278, 6, 480, 480, 5, 181, 407, ""D87ECCC0-6DC2-4814-BC29-9BB76A02861E""], [43848, 29717, 283, 1, 851, 851, 5, 15882, null, ""632D61E3-B219-403C-9D2B-6374A2CF0917""], [43849, 29818, 274, 1, 1104, 1104, 5, 14559, null, ""F4C65AD3-DC9E-46CF-98BA-8EDA6C166335""], [43850, 29892, 282, 6, 476, 476, 5, 11072, 407, ""FA64E91A-A5EA-4A9D-86BC-E92AAD0E3E2C""], [43851, 29509, 275, 2, 816, 816, 5, 8979, null, ""CB4920EC-4887-4931-9258-78377518FD98""], [43852, 29855, 282, 6, 539, 539, 5, 8043, 407, ""EC8883D3-214D-4E31-A25A-B74BAF6163C5""]]"
54,List the job titles of employees who have Manager in their title.,SELECT DISTINCT JobTitle FROM HumanResources.Employee WHERE JobTitle LIKE '%Manager%';,HumanResources.Employee,success,16,,
55,Retrieve the total quantity product with id 707 in inventory.,SELECT SUM(Quantity) FROM Production.ProductInventory WHERE ProductID = 707;,Production.ProductInventory,success,,288,
56,Show the name and credit rating of all vendors.,"SELECT Name, CreditRating FROM Purchasing.Vendor;",Purchasing.Vendor,success,104,,
57,List all credit card types available.,SELECT DISTINCT CardType FROM Sales.CreditCard;,Sales.CreditCard,success,4,,
58,"Find all employees hired after january 1st, 2011.",SELECT * FROM HumanResources.Employee WHERE HireDate > '2011-01-01';,HumanResources.Employee,"failed: ('ODBC SQL type -151 is not yet supported.  column-index=3  type=-151', 'HY106')",,,
59,Count the number of addresses in each city.,"SELECT City, COUNT(*) FROM Person.Address GROUP BY City;",Person.Address,success,575,,
60,Retrieve the names of all products with a size of M.,SELECT Name FROM Production.Product WHERE Size = 'M';,Production.Product,success,11,,
61,Show the business entity id and birth date of the oldest employee.,"SELECT TOP 1 BusinessEntityID, BirthDate FROM HumanResources.Employee ORDER BY BirthDate ASC;",HumanResources.Employee,success,1,,[274]
62,List all products with their product line as R.,SELECT * FROM Production.Product WHERE ProductLine = 'R';,Production.Product,success,100,,"[[680, 14, 6, ""43DD68D6-14A4-461F-9069-55309D90EA7E""], [706, 14, 6, ""9540FF17-2712-4C90-A3D1-8CE5568B2462""], [717, 14, 6, ""052E4F8B-0A2A-46B2-9F42-10FEBCFAE416""], [718, 14, 6, ""A88D3B54-2CAE-43F2-8C6E-EA1D97B46A7C""], [719, 14, 6, ""07BEFC9A-7634-402B-B234-D7797733BAAF""], [720, 14, 6, ""FCFEA68F-310E-4E6E-9F99-BB17D011EBAE""], [721, 14, 6, ""56C85873-4993-41B4-8096-1067CFD7E4BD""], [722, 14, 9, ""2140F256-F705-4D67-975D-32DE03265838""], [723, 14, 9, ""AA95E2A5-E7C4-4B74-B1EA-B52EE3B51537""], [724, 14, 9, ""5247BE33-50BF-4527-8A30-A39AAE500A8E""]]"
63,Find all person names where the middle name is NULL.,"SELECT FirstName, LastName FROM Person.Person WHERE MiddleName IS NULL;",Person.Person,success,1000,,
64,"Get the sum of line totals for a specific sales order (e.g., ID 43659).",SELECT SUM(LineTotal) FROM Sales.SalesOrderDetail WHERE SalesOrderID = 43659;,Sales.SalesOrderDetail,success,,20565.620600,
65,Retrieve the name and group of all sales territories.,"SELECT Name, [Group] FROM Sales.SalesTerritory;",Sales.SalesTerritory,success,10,,
66,List all products that have a weight greater than 50.,SELECT * FROM Production.Product WHERE Weight > 50;,Production.Product,success,29,,"[[507, null, null, ""B2CC7DFB-783D-4587-88C0-2712A538A5B2""], [508, null, null, ""733FD04D-322F-44F5-BEEC-F326189D1CE6""], [509, null, null, ""9FA4A3B5-D396-48D4-ADFC-B573BC4A800A""], [510, null, null, ""C2770757-B258-4EEC-A811-6856FAF87437""], [511, null, null, ""80108059-0002-4253-A805-53A2324C33A4""], [512, null, null, ""CD9B5C44-FB31-4E0F-9905-3B2086966CC5""], [513, null, null, ""4852DB13-308A-4893-AAFA-390A0DFE9F12""], [818, 17, 49, ""9E66DE78-DECB-438A-B9A9-023C773C60A2""], [819, 17, 50, ""6EA94FBF-B9AA-43FC-84E8-91D508DDE751""], [820, 17, 51, ""727A3CD5-8D40-4884-A7E4-DFD3FFDEB164""]]"
67,Show the first 5 vendors sorted by name.,SELECT TOP 5 Name FROM Purchasing.Vendor ORDER BY Name;,Purchasing.Vendor,success,5,,
68,Find all employees who have S as their middle initial.,SELECT * FROM Person.Person WHERE MiddleName = 'S';,Person.Person,success,492,,"[[145, ""F0C15AD6-4CFF-4931-A216-49B635596043""], [166, ""8F9BCF96-29E1-4BED-9BF4-D8260AD0AF68""], [179, ""A0719EB6-7FC8-4DB8-A5DB-EA45A5BEF0E2""], [182, ""4BEF5E3D-5C17-4B16-AAC9-8E3611A4FFE5""], [183, ""C175EA91-0A68-49DB-9827-B4528F77D630""], [186, ""1432F3E8-7CCA-4C56-BDCB-02D5B0302BD9""], [187, ""F3A901C1-4D9F-4666-8726-C2C51643A5D6""], [224, ""B42F3DDD-01D6-4701-91C0-2F6D9E8847C6""], [256, ""1FE09286-926C-4528-8D83-C0816F5F8521""], [257, ""BE6ED8D4-3A9D-46BF-9348-DE0753E8CE81""]]"
69,List all products that are currently discontinued.,SELECT * FROM Production.Product WHERE DiscontinuedDate IS NOT NULL;,Production.Product,success,0,,
70,Retrieve the average rate of currency.,SELECT AverageRate FROM Sales.CurrencyRate;,Sales.CurrencyRate,success,1000,,
71,Show the business entity id of employees whose have sick leave hours less than 20.,SELECT BusinessEntityID FROM HumanResources.Employee WHERE SickLeaveHours < 20;,HumanResources.Employee,success,0,,
72,List all unique group names of departments.,SELECT DISTINCT GroupName FROM HumanResources.Department;,HumanResources.Department,success,6,,
73,Find the total number of sales orders of customer id 29825.,SELECT COUNT(*) FROM Sales.SalesOrderHeader WHERE CustomerID = 29825;,Sales.SalesOrderHeader,success,,12,
74,Retrieve the name and cost rate of all production locations.,"SELECT Name, CostRate FROM Production.Location;",Production.Location,success,14,,
75,Show the names of all products and their reorder points.,"SELECT Name, ReorderPoint FROM Production.Product;",Production.Product,success,504,,
76,Find all products where the name starts with B.,SELECT * FROM Production.Product WHERE Name LIKE 'B%';,Production.Product,success,4,,"[[2, null, null, ""58AE3C20-4F3A-4749-A7D4-D568806CC537""], [3, null, null, ""9C21AED2-5BFA-4F18-BCB8-F11638DC2E4E""], [316, null, null, ""E73E9750-603B-4131-89F5-3DD15ED5FF80""], [877, 29, 119, ""3C40B5AD-E328-4715-88A7-EC3220F02ACF""]]"
77,List all employees with a salaried flag set to 0.,SELECT * FROM HumanResources.Employee WHERE SalariedFlag = 0;,HumanResources.Employee,"failed: ('ODBC SQL type -151 is not yet supported.  column-index=3  type=-151', 'HY106')",,,
78,Get the count of products in each color.,"SELECT Color, COUNT(*) FROM Production.Product GROUP BY Color;",Production.Product,success,10,,
79,Retrieve all scrap reasons.,SELECT Name FROM Production.ScrapReason;,Production.ScrapReason,success,16,,
80,Find all people who have an email promotion value of 2.,SELECT * FROM Person.Person WHERE EmailPromotion = 2;,Person.Person,success,1000,,"[[7, ""C45E8AB8-01BE-4B76-B215-820C8368181A""], [10, ""CA2C740E-75B2-420C-9D4B-E3CBC6609604""], [12, ""FA263C7F-600D-4E89-8DCD-0978F3530F5F""], [13, ""34EB99E0-7042-4DC1-A2FD-BDA290FF0E07""], [14, ""9A7501DE-5CAF-4700-AB07-CC81102BB696""], [15, ""BEBA63CB-13F1-4B76-A3DE-FE9AC283A94C""], [17, ""9EE4713E-B3D8-4409-BC5E-DEC62497F43A""], [18, ""FE21BDA7-9327-4D13-89CC-8CA5CEE8F21E""], [20, ""1E7E56F4-A583-4E3F-A3FE-BA8A71096D10""], [21, ""6A288FE0-D9CB-4DA2-BEEA-51370220490C""]]"
81,List all products that have a standard cost between 0 and 100.,SELECT * FROM Production.Product WHERE StandardCost BETWEEN 0 AND 100;,Production.Product,success,311,,"[[1, null, null, ""694215B7-08F7-4C0D-ACB1-D734BA44C0C8""], [2, null, null, ""58AE3C20-4F3A-4749-A7D4-D568806CC537""], [3, null, null, ""9C21AED2-5BFA-4F18-BCB8-F11638DC2E4E""], [4, null, null, ""ECFED6CB-51FF-49B5-B06C-7D8AC834DB8B""], [316, null, null, ""E73E9750-603B-4131-89F5-3DD15ED5FF80""], [317, null, null, ""3C9D10B7-A6B2-4774-9963-C19DCEE72FEA""], [318, null, null, ""EABB9A92-FA07-4EAB-8955-F0517B4A4CA7""], [319, null, null, ""7D3FD384-4F29-484B-86FA-4206E276FE58""], [320, null, null, ""7BE38E48-B7D6-4486-888E-F53C26735101""], [321, null, null, ""3314B1D7-EF69-4431-B6DD-DC75268BD5DF""]]"
82,Show the login id and job title of employees with the title Design Engineer.,"SELECT LoginID, JobTitle FROM HumanResources.Employee WHERE JobTitle = 'Design Engineer';",HumanResources.Employee,success,3,,"[""adventure-works\\gail0"", ""adventure-works\\jossef0"", ""adventure-works\\sharon0""]"
83,Get the total tax amount collected in all sales orders.,SELECT SUM(TaxAmt) FROM Sales.SalesOrderHeader;,Sales.SalesOrderHeader,success,,10186974.4602,
84,Retrieve the names of all country regions.,SELECT Name FROM Person.CountryRegion;,Person.CountryRegion,success,238,,
85,List all products that have a product number starting with AR.,SELECT * FROM Production.Product WHERE ProductNumber LIKE 'AR%';,Production.Product,success,1,,"[[1, null, null, ""694215B7-08F7-4C0D-ACB1-D734BA44C0C8""]]"
86,Find all persons with a suffix of Jr.,SELECT * FROM Person.Person WHERE Suffix = 'Jr.';,Person.Person,success,33,,"[[269, ""D9DA7900-703F-4CA6-92BD-5ED3A25C0455""], [313, ""35AD71E7-8B4E-4C65-A92F-D6829BB292A5""], [369, ""57D6E4EE-FBEE-424D-976C-4D15CA6991FD""], [389, ""CFA4F9E4-A865-4A76-A0AC-0460D73E7EF7""], [391, ""BD35D341-DF60-4B41-AF27-28A179D3F3B9""], [431, ""2DCA9FBE-92DF-4B43-B475-8BD20AA2DD1F""], [441, ""DD152AED-AA0A-4BF0-8435-71C075F646D7""], [457, ""07B1C116-AE07-4B1A-AC53-69D6943C1D3C""], [465, ""B901DD8D-087B-49BE-BF1F-3B11F6D95820""], [535, ""0446E735-E6A5-4C76-9154-08C65D4C046E""]]"
87,Retrieve the number of rows in Sales.SalesOrderDetail.,SELECT COUNT(*) FROM Sales.SalesOrderDetail;,Sales.SalesOrderDetail,success,,121317,
88,Show the names of products and their size unit measure code.,"SELECT Name, SizeUnitMeasureCode FROM Production.Product;",Production.Product,success,504,,
89,List all unique credit card types.,SELECT DISTINCT CardType FROM Sales.CreditCard;,Sales.CreditCard,success,4,,
90,Find the total amount of freight paid across all sales.,SELECT SUM(Freight) FROM Sales.SalesOrderHeader;,Sales.SalesOrderHeader,success,,3183430.2518,
91,Retrieve the name and territory id of all sales persons.,"SELECT BusinessEntityID, TerritoryID FROM Sales.SalesPerson;",Sales.SalesPerson,success,17,,"[[274, null], [275, 2], [276, 4], [277, 3], [278, 6], [279, 5], [280, 1], [281, 4], [282, 6], [283, 1]]"
92,List all products with a safety stock level less than 500.,SELECT * FROM Production.Product WHERE SafetyStockLevel < 500;,Production.Product,success,156,,"[[492, null, null, ""DF20E514-3D47-491B-9454-0911EC3F7D29""], [493, null, null, ""4C568357-5D21-4AD4-BB85-BB5519B3B50C""], [494, null, null, ""FA81E47D-7333-49C2-809B-308171CA2FB1""], [495, null, null, ""25A73761-AE90-49D3-8D1D-DD7858DB4704""], [496, null, null, ""1C8ADB43-9FE8-44A6-B949-8AF33CE9486E""], [707, 31, 33, ""2E1EF41A-C08A-4FF6-8ADA-BDE58B64A712""], [708, 31, 33, ""A25A44FB-C2DE-4268-958F-110B8D7621E2""], [709, 23, 18, ""18F95F47-1540-4E02-8F1F-CC1BCB6828D0""], [710, 23, 18, ""161C035E-21B3-4E14-8E44-AF508F35D80A""], [711, 31, 33, ""FD7C0858-4179-48C2-865B-ABD5DFC7BC1D""]]"
93,Find the average sick leave hours of employees.,SELECT AVG(SickLeaveHours) FROM HumanResources.Employee;,HumanResources.Employee,success,,45,
94,Show the names of all stores.,SELECT Name FROM Sales.Store;,Sales.Store,success,701,,
95,Retrieve the business entity id and modified date from Person table.,"SELECT BusinessEntityID, ModifiedDate FROM Person.Person;",Person.Person,success,1000,,"[1, 2, 3, 4, 5, 6, 7, 8, 9, 10]"
96,List all unique state province codes.,SELECT DISTINCT StateProvinceCode FROM Person.StateProvince;,Person.StateProvince,success,181,,
97,Get the maximum vacation hours an employee has.,SELECT MAX(VacationHours) FROM HumanResources.Employee;,HumanResources.Employee,success,,99,
98,Find products where the class is H.,SELECT * FROM Production.Product WHERE Class = 'H';,Production.Product,success,82,,"[[680, 14, 6, ""43DD68D6-14A4-461F-9069-55309D90EA7E""], [706, 14, 6, ""9540FF17-2712-4C90-A3D1-8CE5568B2462""], [717, 14, 6, ""052E4F8B-0A2A-46B2-9F42-10FEBCFAE416""], [718, 14, 6, ""A88D3B54-2CAE-43F2-8C6E-EA1D97B46A7C""], [719, 14, 6, ""07BEFC9A-7634-402B-B234-D7797733BAAF""], [720, 14, 6, ""FCFEA68F-310E-4E6E-9F99-BB17D011EBAE""], [721, 14, 6, ""56C85873-4993-41B4-8096-1067CFD7E4BD""], [739, 12, 5, ""8AE32663-8D6F-457D-8343-5B181FEC43A7""], [740, 12, 5, ""1909C60C-C490-411D-B3E6-12DDD7832482""], [741, 12, 5, ""B181EC1F-CA20-4724-B2EB-15F3E455142E""]]"
99,Retrieve the names of all ship methods.,SELECT Name FROM Purchasing.ShipMethod;,Purchasing.ShipMethod,success,5,,
100,List all departments sorted by name descending.,SELECT * FROM HumanResources.Department ORDER BY Name DESC;,HumanResources.Department,success,16,,"[1, 2, 3, 4, 5, 6, 7, 8, 9, 10]"
101,"Display the first name, last name, and job title of all employees.","SELECT p.FirstName, p.LastName, e.JobTitle FROM Person.Person p INNER JOIN HumanResources.Employee e ON p.BusinessEntityID = e.BusinessEntityID;","HumanResources.Employee, Person.Person",success,290,,
102,List all employees along with their current department names.,"SELECT e.BusinessEntityID, d.Name FROM HumanResources.Employee e INNER JOIN HumanResources.EmployeeDepartmentHistory edh ON e.BusinessEntityID = edh.BusinessEntityID INNER JOIN HumanResources.Department d ON edh.DepartmentID = d.DepartmentID WHERE edh.EndDate IS NULL;","HumanResources.Department, HumanResources.Employee, HumanResources.EmployeeDepartmentHistory",success,290,,"[1, 2, 3, 4, 5, 6, 7, 8, 9, 10]"
103,Retrieve the email address for every person in the database.,"SELECT p.FirstName, p.LastName, ea.EmailAddress FROM Person.Person p INNER JOIN Person.EmailAddress ea ON p.BusinessEntityID = ea.BusinessEntityID;","Person.EmailAddress, Person.Person",success,1000,,
104,Show the phone number and phone number type for each person.,"SELECT p.FirstName, p.LastName, ph.PhoneNumber, pt.Name AS PhoneType FROM Person.Person p INNER JOIN Person.PersonPhone ph ON p.BusinessEntityID = ph.BusinessEntityID INNER JOIN Person.PhoneNumberType pt ON ph.PhoneNumberTypeID = pt.PhoneNumberTypeID;","Person.Person, Person.PersonPhone, Person.PhoneNumberType",success,1000,,"[""1 (11) 500 555-0110"", ""1 (11) 500 555-0110"", ""1 (11) 500 555-0110"", ""1 (11) 500 555-0110"", ""1 (11) 500 555-0110"", ""1 (11) 500 555-0110"", ""1 (11) 500 555-0110"", ""1 (11) 500 555-0111"", ""1 (11) 500 555-0111"", ""1 (11) 500 555-0111""]"
105,List product names and their corresponding subcategory names.,"SELECT p.Name AS ProductName, s.Name AS SubcategoryName FROM Production.Product p INNER JOIN Production.ProductSubcategory s ON p.ProductSubcategoryID = s.ProductSubcategoryID;","Production.Product, Production.ProductSubcategory",success,295,,
106,Retrieve product subcategories and their parent category names.,"SELECT s.Name AS Subcategory, c.Name AS Category FROM Production.ProductSubcategory s INNER JOIN Production.ProductCategory c ON s.ProductCategoryID = c.ProductCategoryID;","Production.ProductCategory, Production.ProductSubcategory",success,37,,
107,Show all employees and the names of the shifts they work.,"SELECT e.BusinessEntityID, s.Name AS ShiftName FROM HumanResources.Employee e INNER JOIN HumanResources.EmployeeDepartmentHistory edh ON e.BusinessEntityID = edh.BusinessEntityID INNER JOIN HumanResources.Shift s ON edh.ShiftID = s.ShiftID;","HumanResources.Employee, HumanResources.EmployeeDepartmentHistory, HumanResources.Shift",success,296,,"[1, 2, 3, 4, 4, 5, 6, 7, 8, 9]"
108,Find the rate of pay for each employee from their pay history.,"SELECT p.FirstName, p.LastName, eph.Rate FROM Person.Person p INNER JOIN HumanResources.EmployeePayHistory eph ON p.BusinessEntityID = eph.BusinessEntityID;","HumanResources.EmployeePayHistory, Person.Person",success,316,,
109,List all products and the location names where they are stored.,"SELECT p.Name AS ProductName, l.Name AS LocationName FROM Production.Product p INNER JOIN Production.ProductInventory pi ON p.ProductID = pi.ProductID INNER JOIN Production.Location l ON pi.LocationID = l.LocationID;","Production.Location, Production.Product, Production.ProductInventory",success,1000,,
110,Show the names of vendors and the products they supply.,"SELECT v.Name AS VendorName, p.Name AS ProductName FROM Purchasing.Vendor v INNER JOIN Purchasing.ProductVendor pv ON v.BusinessEntityID = pv.BusinessEntityID INNER JOIN Production.Product p ON pv.ProductID = p.ProductID;","Production.Product, Purchasing.ProductVendor, Purchasing.Vendor",success,460,,
111,Retrieve the total quantity of each product in each inventory location.,"SELECT p.Name, l.Name, inv.Quantity FROM Production.Product p INNER JOIN Production.ProductInventory inv ON p.ProductID = inv.ProductID INNER JOIN Production.Location l ON inv.LocationID = l.LocationID;","Production.Location, Production.Product, Production.ProductInventory",success,1000,,
112,List all customers and their associated store names.,"SELECT c.CustomerID, s.Name AS StoreName FROM Sales.Customer c INNER JOIN Sales.Store s ON c.StoreID = s.BusinessEntityID;","Sales.Customer, Sales.Store",success,1000,,"[1, 2, 3, 4, 5, 6, 7, 8, 9, 10]"
113,Display sales order IDs and the names of the customers who placed them.,"SELECT oh.SalesOrderID, p.FirstName, p.LastName FROM Sales.SalesOrderHeader oh INNER JOIN Sales.Customer c ON oh.CustomerID = c.CustomerID INNER JOIN Person.Person p ON c.PersonID = p.BusinessEntityID;","Person.Person, Sales.Customer, Sales.SalesOrderHeader",success,1000,,"[43701, 43704, 43705, 43729, 43732, 43736, 43743, 43757, 43765, 43767]"
114,"Find all products that have been sold, including the sales order detail ID.","SELECT p.Name, od.SalesOrderDetailID FROM Production.Product p INNER JOIN Sales.SalesOrderDetail od ON p.ProductID = od.ProductID;","Production.Product, Sales.SalesOrderDetail",success,1000,,"[63, 87, 139, 164, 185, 192, 207, 240, 321, 326]"
115,Retrieve the credit card numbers used for each sales order.,"SELECT oh.SalesOrderID, cc.CardNumber FROM Sales.SalesOrderHeader oh INNER JOIN Sales.CreditCard cc ON oh.CreditCardID = cc.CreditCardID;","Sales.CreditCard, Sales.SalesOrderHeader",success,1000,,"[43659, 43660, 43661, 43662, 43663, 43664, 43665, 43666, 43667, 43668]"
116,Show the names of employees and the names of their managers.,"SELECT e.BusinessEntityID, e.JobTitle, m.JobTitle AS ManagerTitle FROM HumanResources.Employee e INNER JOIN HumanResources.Employee m ON e.OrganizationNode.GetAncestor(1) = m.OrganizationNode;",HumanResources.Employee,success,283,,"[3, 4, 5, 6, 7, 8, 9, 10, 11, 12]"
117,List the names of states and their corresponding country names.,"SELECT sp.Name AS State, cr.Name AS Country FROM Person.StateProvince sp INNER JOIN Person.CountryRegion cr ON sp.CountryRegionCode = cr.CountryRegionCode;","Person.CountryRegion, Person.StateProvince",success,181,,
118,Display addresses and the names of the states they belong to.,"SELECT a.AddressLine1, sp.Name AS StateProvince FROM Person.Address a INNER JOIN Person.StateProvince sp ON a.StateProvinceID = sp.StateProvinceID;","Person.Address, Person.StateProvince",success,1000,,
119,Find the total number of items ordered in each purchase order.,"SELECT poh.PurchaseOrderID, SUM(pod.OrderQty) AS TotalItems FROM Purchasing.PurchaseOrderHeader poh INNER JOIN Purchasing.PurchaseOrderDetail pod ON poh.PurchaseOrderID = pod.PurchaseOrderID GROUP BY poh.PurchaseOrderID;","Purchasing.PurchaseOrderDetail, Purchasing.PurchaseOrderHeader",success,1000,,"[1, 2, 3, 4, 5, 6, 7, 8, 9, 10]"
120,Retrieve vendor names and their ship method names for orders.,"SELECT v.Name AS Vendor, sm.Name AS ShipMethod FROM Purchasing.PurchaseOrderHeader oh INNER JOIN Purchasing.Vendor v ON oh.VendorID = v.BusinessEntityID INNER JOIN Purchasing.ShipMethod sm ON oh.ShipMethodID = sm.ShipMethodID;","Purchasing.PurchaseOrderHeader, Purchasing.ShipMethod, Purchasing.Vendor",success,1000,,
121,List the names of employees who have submitted job candidates.,"SELECT p.FirstName, p.LastName FROM HumanResources.JobCandidate jc INNER JOIN Person.Person p ON jc.BusinessEntityID = p.BusinessEntityID;","HumanResources.JobCandidate, Person.Person",success,2,,
122,Display the product name and the name of the unit of measure for its size.,"SELECT p.Name, um.Name AS UnitName FROM Production.Product p INNER JOIN Production.UnitMeasure um ON p.SizeUnitMeasureCode = um.UnitMeasureCode;","Production.Product, Production.UnitMeasure",success,176,,
123,Show sales territories and the names of the countries they cover.,"SELECT t.Name AS Territory, cr.Name AS Country FROM Sales.SalesTerritory t INNER JOIN Person.CountryRegion cr ON t.CountryRegionCode = cr.CountryRegionCode;","Person.CountryRegion, Sales.SalesTerritory",success,10,,
124,List all products and their current standard costs from cost history.,"SELECT p.Name, pch.StandardCost FROM Production.Product p INNER JOIN Production.ProductCostHistory pch ON p.ProductID = pch.ProductID WHERE pch.EndDate IS NULL;","Production.Product, Production.ProductCostHistory",success,195,,
125,Display sales persons and the names of the territories they are assigned to.,"SELECT p.FirstName, p.LastName, st.Name AS TerritoryName FROM Sales.SalesPerson sp INNER JOIN Person.Person p ON sp.BusinessEntityID = p.BusinessEntityID INNER JOIN Sales.SalesTerritory st ON sp.TerritoryID = st.TerritoryID;","Person.Person, Sales.SalesPerson, Sales.SalesTerritory",success,14,,
126,Find the names of products and the descriptions in English.,"SELECT p.Name, pd.Description FROM Production.Product p INNER JOIN Production.ProductModelProductDescriptionCulture pm ON p.ProductModelID = pm.ProductModelID INNER JOIN Production.ProductDescription pd ON pm.ProductDescriptionID = pd.ProductDescriptionID WHERE pm.CultureID = 'en';","Production.Product, Production.ProductDescription, Production.ProductModelProductDescriptionCulture",success,294,,
127,Show the tax rate for each state/province.,"SELECT sp.Name, tr.TaxRate FROM Person.StateProvince sp INNER JOIN Sales.SalesTaxRate tr ON sp.StateProvinceID = tr.StateProvinceID;","Person.StateProvince, Sales.SalesTaxRate",success,29,,
128,List all sales orders and the currency names used.,"SELECT oh.SalesOrderID, c.Name FROM Sales.SalesOrderHeader oh INNER JOIN Sales.CurrencyRate cr ON oh.CurrencyRateID = cr.CurrencyRateID INNER JOIN Sales.Currency c ON cr.ToCurrencyCode = c.CurrencyCode;","Sales.Currency, Sales.CurrencyRate, Sales.SalesOrderHeader",success,1000,,"[43661, 43662, 43668, 43672, 43674, 43677, 43679, 43697, 43698, 43701]"
129,Find the names of products that have reviews.,"SELECT p.Name, pr.Comments FROM Production.Product p INNER JOIN Production.ProductReview pr ON p.ProductID = pr.ProductID;","Production.Product, Production.ProductReview",success,4,,
130,Retrieve shopping cart items and their product names.,"SELECT sci.ShoppingCartID, p.Name, sci.Quantity FROM Sales.ShoppingCartItem sci INNER JOIN Production.Product p ON sci.ProductID = p.ProductID;","Production.Product, Sales.ShoppingCartItem",success,3,,"[""14951"", ""20621"", ""20621""]"
131,Show all sales orders and the reasons for the sale.,"SELECT oh.SalesOrderID, r.Name AS Reason FROM Sales.SalesOrderHeaderSalesReason osr INNER JOIN Sales.SalesOrderHeader oh ON osr.SalesOrderID = oh.SalesOrderID INNER JOIN Sales.SalesReason r ON osr.SalesReasonID = r.SalesReasonID;","Sales.SalesOrderHeader, Sales.SalesOrderHeaderSalesReason, Sales.SalesReason",success,1000,,"[43697, 43697, 43702, 43702, 43703, 43703, 43706, 43706, 43707, 43707]"
132,List product models and their catalog descriptions.,"SELECT Name, CatalogDescription FROM Production.ProductModel;",Production.ProductModel,success,128,,
133,Display the login ID and the start date for each employee in a department.,"SELECT e.LoginID, edh.StartDate FROM HumanResources.Employee e INNER JOIN HumanResources.EmployeeDepartmentHistory edh ON e.BusinessEntityID = edh.BusinessEntityID;","HumanResources.Employee, HumanResources.EmployeeDepartmentHistory",success,296,,"[[""adventure-works\\alan0"", ""2009-02-13""], [""adventure-works\\alejandro0"", ""2008-12-06""], [""adventure-works\\alex0"", ""2009-02-08""], [""adventure-works\\alice0"", ""2008-12-07""], [""adventure-works\\amy0"", ""2012-04-16""], [""adventure-works\\andreas0"", ""2009-02-02""], [""adventure-works\\andrew0"", ""2009-02-22""], [""adventure-works\\andrew1"", ""2009-03-06""], [""adventure-works\\andy0"", ""2009-01-31""], [""adventure-works\\angela0"", ""2009-01-20""]]"
134,Show the names of all individuals and their address types.,"SELECT p.FirstName, p.LastName, at.Name AS AddressType FROM Person.Person p INNER JOIN Person.BusinessEntityAddress bea ON p.BusinessEntityID = bea.BusinessEntityID INNER JOIN Person.AddressType at ON bea.AddressTypeID = at.AddressTypeID;","Person.AddressType, Person.BusinessEntityAddress, Person.Person",success,1000,,
135,Find the names of vendors that have a credit rating of 1.,SELECT v.Name FROM Purchasing.Vendor v INNER JOIN Person.BusinessEntity be ON v.BusinessEntityID = be.BusinessEntityID WHERE v.CreditRating = 1;,"Person.BusinessEntity, Purchasing.Vendor",success,84,,
136,List all departments and the group they belong to.,"SELECT Name, GroupName FROM HumanResources.Department;",HumanResources.Department,success,16,,
137,Retrieve the names of products and their reorder points.,"SELECT Name, ReorderPoint FROM Production.Product;",Production.Product,success,504,,
138,Show the names of people and their hashed passwords.,"SELECT p.FirstName, p.LastName, pass.PasswordHash FROM Person.Person p INNER JOIN Person.Password pass ON p.BusinessEntityID = pass.BusinessEntityID;","Person.Password, Person.Person",success,1000,,
139,List all products and their weight units.,"SELECT p.Name, um.Name AS WeightUnit FROM Production.Product p INNER JOIN Production.UnitMeasure um ON p.WeightUnitMeasureCode = um.UnitMeasureCode;","Production.Product, Production.UnitMeasure",success,205,,
140,Display the names of employees and their birth dates.,"SELECT p.FirstName, p.LastName, e.BirthDate FROM Person.Person p INNER JOIN HumanResources.Employee e ON p.BusinessEntityID = e.BusinessEntityID;","HumanResources.Employee, Person.Person",success,290,,
141,Find the names of products and their list prices from price history.,"SELECT p.Name, lph.ListPrice FROM Production.Product p INNER JOIN Production.ProductListPriceHistory lph ON p.ProductID = lph.ProductID;","Production.Product, Production.ProductListPriceHistory",success,395,,
142,Show the names of sales territories and their groups.,"SELECT Name, [Group] FROM Sales.SalesTerritory;",Sales.SalesTerritory,success,10,,
143,List all business entities and their modified dates.,"SELECT BusinessEntityID, ModifiedDate FROM Person.BusinessEntity;",Person.BusinessEntity,success,1000,,"[1, 2, 3, 4, 5, 6, 7, 8, 9, 10]"
144,Retrieve the name and cost rate for each location.,"SELECT Name, CostRate FROM Production.Location;",Production.Location,success,14,,
145,Show the names of products and the scrap reason (if scrapped).,"SELECT p.Name, sr.Name AS ScrapReason FROM Production.WorkOrder wo INNER JOIN Production.Product p ON wo.ProductID = p.ProductID INNER JOIN Production.ScrapReason sr ON wo.ScrapReasonID = sr.ScrapReasonID;","Production.Product, Production.ScrapReason, Production.WorkOrder",success,729,,
146,List all customers and their account numbers.,"SELECT c.AccountNumber, p.FirstName, p.LastName FROM Sales.Customer c INNER JOIN Person.Person p ON c.PersonID = p.BusinessEntityID;","Person.Person, Sales.Customer",success,1000,,
147,Find the total number of employees in each department.,"SELECT d.Name, COUNT(edh.BusinessEntityID) AS EmpCount FROM HumanResources.Department d INNER JOIN HumanResources.EmployeeDepartmentHistory edh ON d.DepartmentID = edh.DepartmentID GROUP BY d.Name;","HumanResources.Department, HumanResources.EmployeeDepartmentHistory",success,16,,
148,Display the name and start time for each shift.,"SELECT Name, StartTime FROM HumanResources.Shift;",HumanResources.Shift,success,3,,
149,Show the names of vendors and their account numbers.,"SELECT Name, AccountNumber FROM Purchasing.Vendor;",Purchasing.Vendor,success,104,,
150,List all products and their product line.,"SELECT Name, ProductLine FROM Production.Product;",Production.Product,success,504,,
151,Retrieve the names of people and their business entity IDs.,"SELECT p.FirstName, p.LastName, be.BusinessEntityID FROM Person.Person p INNER JOIN Person.BusinessEntity be ON p.BusinessEntityID = be.BusinessEntityID;","Person.BusinessEntity, Person.Person",success,1000,,"[7, 41, 47, 57, 64, 79, 118, 186, 228, 241]"
152,Show the names of products and their safety stock levels.,"SELECT Name, SafetyStockLevel FROM Production.Product;",Production.Product,success,504,,
153,Find the names of products that are Black and their subcategory.,"SELECT p.Name, s.Name AS Subcategory FROM Production.Product p INNER JOIN Production.ProductSubcategory s ON p.ProductSubcategoryID = s.ProductSubcategoryID WHERE p.Color = 'Black';","Production.Product, Production.ProductSubcategory",success,89,,
154,List all sales orders and their status descriptions.,"SELECT SalesOrderID, Status FROM Sales.SalesOrderHeader;",Sales.SalesOrderHeader,success,1000,,"[43659, 43660, 43661, 43662, 43663, 43664, 43665, 43666, 43667, 43668]"
155,Display the names of individuals and their middle names.,"SELECT FirstName, MiddleName, LastName FROM Person.Person;",Person.Person,success,1000,,
156,Show the names of products and their product models.,"SELECT p.Name AS ProductName, pm.Name AS ModelName FROM Production.Product p INNER JOIN Production.ProductModel pm ON p.ProductModelID = pm.ProductModelID;","Production.Product, Production.ProductModel",success,295,,
157,List all addresses and their city names.,"SELECT AddressLine1, City FROM Person.Address;",Person.Address,success,1000,,
158,Retrieve the names of products and their total quantity sold.,"SELECT p.Name, SUM(od.OrderQty) AS TotalSold FROM Production.Product p INNER JOIN Sales.SalesOrderDetail od ON p.ProductID = od.ProductID GROUP BY p.Name;","Production.Product, Sales.SalesOrderDetail",success,266,,
159,Show the names of employees and their hire dates.,"SELECT p.FirstName, p.LastName, e.HireDate FROM Person.Person p INNER JOIN HumanResources.Employee e ON p.BusinessEntityID = e.BusinessEntityID;","HumanResources.Employee, Person.Person",success,290,,
160,List all vendors and their credit ratings.,"SELECT Name, CreditRating FROM Purchasing.Vendor;",Purchasing.Vendor,success,104,,
161,Find the names of products and their color.,"SELECT Name, Color FROM Production.Product;",Production.Product,success,504,,
162,Display the names of individuals and their person type.,"SELECT FirstName, LastName, PersonType FROM Person.Person;",Person.Person,success,1000,,
163,Show the names of products and their list price.,"SELECT Name, ListPrice FROM Production.Product;",Production.Product,success,504,,
164,List all customers and their territories.,"SELECT c.CustomerID, t.Name AS Territory FROM Sales.Customer c INNER JOIN Sales.SalesTerritory t ON c.TerritoryID = t.TerritoryID;","Sales.Customer, Sales.SalesTerritory",success,1000,,"[1, 2, 7, 19, 20, 37, 38, 43, 55, 56]"
165,Retrieve the names of products and their days to manufacture.,"SELECT Name, DaysToManufacture FROM Production.Product;",Production.Product,success,504,,
166,Show the names of employees and their vacation hours.,"SELECT p.FirstName, p.LastName, e.VacationHours FROM Person.Person p INNER JOIN HumanResources.Employee e ON p.BusinessEntityID = e.BusinessEntityID;","HumanResources.Employee, Person.Person",success,290,,
167,List all products and their reorder points.,"SELECT Name, ReorderPoint FROM Production.Product;",Production.Product,success,504,,
168,Find the names of products and their standard cost.,"SELECT Name, StandardCost FROM Production.Product;",Production.Product,success,504,,
169,Display the names of individuals and their titles.,"SELECT FirstName, LastName, Title FROM Person.Person;",Person.Person,success,1000,,
170,Show the names of products and their size.,"SELECT Name, Size FROM Production.Product;",Production.Product,success,504,,
171,List all sales orders and their total due.,"SELECT SalesOrderID, TotalDue FROM Sales.SalesOrderHeader;",Sales.SalesOrderHeader,success,1000,,"[43659, 43660, 43661, 43662, 43663, 43664, 43665, 43666, 43667, 43668]"
172,Retrieve the names of products and their weight.,"SELECT Name, Weight FROM Production.Product;",Production.Product,success,504,,
173,Show the names of employees and their sick leave hours.,"SELECT p.FirstName, p.LastName, e.SickLeaveHours FROM Person.Person p INNER JOIN HumanResources.Employee e ON p.BusinessEntityID = e.BusinessEntityID;","HumanResources.Employee, Person.Person",success,290,,
174,List all vendors and their modified dates.,"SELECT Name, ModifiedDate FROM Purchasing.Vendor;",Purchasing.Vendor,success,104,,
175,Find the names of products and their make flag.,"SELECT Name, MakeFlag FROM Production.Product;",Production.Product,success,504,,
176,Display the names of individuals and their suffix.,"SELECT FirstName, LastName, Suffix FROM Person.Person;",Person.Person,success,1000,,
177,Show the names of products and their finished goods flag.,"SELECT Name, FinishedGoodsFlag FROM Production.Product;",Production.Product,success,504,,
178,List all sales orders and their order dates.,"SELECT SalesOrderID, OrderDate FROM Sales.SalesOrderHeader;",Sales.SalesOrderHeader,success,1000,,"[43659, 43660, 43661, 43662, 43663, 43664, 43665, 43666, 43667, 43668]"
179,Retrieve the names of products and their sell start dates.,"SELECT Name, SellStartDate FROM Production.Product;",Production.Product,success,504,,
180,Show the names of employees and their marital status.,"SELECT p.FirstName, p.LastName, e.MaritalStatus FROM Person.Person p INNER JOIN HumanResources.Employee e ON p.BusinessEntityID = e.BusinessEntityID;","HumanResources.Employee, Person.Person",success,290,,
181,List all vendors and their preferred vendor status.,"SELECT Name, PreferredVendorStatus FROM Purchasing.Vendor;",Purchasing.Vendor,success,104,,
182,Find the names of products and their sell end dates.,"SELECT Name, SellEndDate FROM Production.Product;",Production.Product,success,504,,
183,Display the names of individuals and their email promotion status.,"SELECT FirstName, LastName, EmailPromotion FROM Person.Person;",Person.Person,success,1000,,
184,Show the names of products and their discontinued dates.,"SELECT Name, DiscontinuedDate FROM Production.Product;",Production.Product,success,504,,
185,List all sales orders and their ship dates.,"SELECT SalesOrderID, ShipDate FROM Sales.SalesOrderHeader;",Sales.SalesOrderHeader,success,1000,,"[43659, 43660, 43661, 43662, 43663, 43664, 43665, 43666, 43667, 43668]"
186,Retrieve the names of products and their class.,"SELECT Name, Class FROM Production.Product;",Production.Product,success,504,,
187,Show the names of employees and their gender.,"SELECT p.FirstName, p.LastName, e.Gender FROM Person.Person p INNER JOIN HumanResources.Employee e ON p.BusinessEntityID = e.BusinessEntityID;","HumanResources.Employee, Person.Person",success,290,,
188,List all vendors and their active flag status.,"SELECT Name, ActiveFlag FROM Purchasing.Vendor;",Purchasing.Vendor,success,104,,
189,Find the names of products and their style.,"SELECT Name, Style FROM Production.Product;",Production.Product,success,504,,
190,Display the names of individuals and their rowguids.,"SELECT FirstName, LastName, rowguid FROM Person.Person;",Person.Person,success,1000,,"[""009EBB72-9173-4AA9-920E-B578F3C927DE"", ""00D61032-0D0E-41E3-8F37-B5987C8D5087"", ""00E85176-678F-4B08-9966-A0F5F16BEB3C"", ""011DD8D5-1AC4-4FE8-B139-EE9D0EA172E6"", ""014BC84D-E05A-4A97-BD3E-CB21A3522DA5"", ""01BEC60C-8E17-4C63-A787-2245E92A8845"", ""02039E2B-5F88-452A-BB2D-B3C4446DE3C8"", ""0204851C-3ECC-4968-8504-47706C350E3E"", ""02717918-B884-41B9-87B3-A0F8C2939EC1"", ""027E39F9-5466-438E-8A90-02FA366D7C6C""]"
191,Show the names of products and their product line.,"SELECT Name, ProductLine FROM Production.Product;",Production.Product,success,504,,
192,List all sales orders and their sub totals.,"SELECT SalesOrderID, SubTotal FROM Sales.SalesOrderHeader;",Sales.SalesOrderHeader,success,1000,,"[43659, 43660, 43661, 43662, 43663, 43664, 43665, 43666, 43667, 43668]"
193,Retrieve the names of products and their product number.,"SELECT Name, ProductNumber FROM Production.Product;",Production.Product,success,504,,
194,Show the names of employees and their job titles.,"SELECT p.FirstName, p.LastName, e.JobTitle FROM Person.Person p INNER JOIN HumanResources.Employee e ON p.BusinessEntityID = e.BusinessEntityID;","HumanResources.Employee, Person.Person",success,290,,
195,List all vendors and their business entity IDs.,"SELECT Name, BusinessEntityID FROM Purchasing.Vendor;",Purchasing.Vendor,success,104,,"[1492, 1494, 1496, 1498, 1500, 1502, 1504, 1506, 1508, 1510]"
196,Find the names of products and their modified dates.,"SELECT Name, ModifiedDate FROM Production.Product;",Production.Product,success,504,,
197,Display the names of individuals and their modified dates.,"SELECT FirstName, LastName, ModifiedDate FROM Person.Person;",Person.Person,success,1000,,
198,Show the names of products and their rowguids.,"SELECT Name, rowguid FROM Production.Product;",Production.Product,success,504,,"[""01A8C3FC-ED52-458E-A634-D5B6E2ACCFED"", ""01C901E3-4323-48ED-AB9E-9BFDA28BDEF6"", ""02935111-A546-4C6D-941F-BE12D42C158E"", ""02C48826-21AD-41F3-85A6-BC9A85A4DCE4"", ""040A4B7D-4060-4507-AA92-7508B434797E"", ""052E4F8B-0A2A-46B2-9F42-10FEBCFAE416"", ""05B2E20F-2399-4CB3-9B49-B28D6649C104"", ""05CE123C-A402-478E-AE9B-75D7727AEAAD"", ""060192C9-BCD9-4260-B729-D6BCFADFB08E"", ""06534A20-4C00-4824-8BBA-B4E3A5724D93""]"
199,List all sales orders and their tax amounts.,"SELECT SalesOrderID, TaxAmt FROM Sales.SalesOrderHeader;",Sales.SalesOrderHeader,success,1000,,"[43659, 43660, 43661, 43662, 43663, 43664, 43665, 43666, 43667, 43668]"
200,Retrieve the names of products and their product category name.,"SELECT p.Name AS ProductName, pc.Name AS CategoryName FROM Production.Product p INNER JOIN Production.ProductSubcategory ps ON p.ProductSubcategoryID = ps.ProductSubcategoryID INNER JOIN Production.ProductCategory pc ON ps.ProductCategoryID = pc.ProductCategoryID;","Production.Product, Production.ProductCategory, Production.ProductSubcategory",success,295,,
